Network;NetType;ESSID;BSSID;Info;Channel;Cloaked;Encryption;Decrypted;MaxRate;MaxSeenRate;Beacon;LLC;Data;Crypt;Weak;Total;Carrier;Encoding;FirstTime;LastTime;BestQuality;BestSignal;BestNoise;GPSMinLat;GPSMinLon;GPSMinAlt;GPSMinSpd;GPSMaxLat;GPSMaxLon;GPSMaxAlt;GPSMaxSpd;GPSBestLat;GPSBestLon;GPSBestAlt;DataSize;IPType;IP;
1;infrastructure;;38:FF:36:CE:A8:A9;;10;No;OPN,None;No;-1.0;0;0;0;9;0;0;9;;;Tue Sep  4 16:01:10 2018;Tue Sep  4 16:01:18 2018;-96;0;0;0.000000;0.000000;0.000000;0.000000;0.000000;0.000000;0.000000;0.000000;0.000000;0.000000;0.000000;0;0;172.30.6.51;
2;infrastructure;NIT-AP;04:BD:88:CD:C4:E0;;11;No;WPA2,AES-CCM;No;54.0;0;2;0;0;0;0;0;;;Tue Sep  4 16:01:10 2018;Tue Sep  4 16:01:14 2018;-90;0;0;0.000000;0.000000;0.000000;0.000000;0.000000;0.000000;0.000000;0.000000;0.000000;0.000000;0.000000;0;0;0.0.0.0;
3;infrastructure;Redmi511;64:CC:2E:8D:8A:95;;6;No;WPA2,AES-CCM;No;54.0;0;3;0;0;0;0;0;;;Tue Sep  4 16:01:11 2018;Tue Sep  4 16:01:18 2018;-89;0;0;0.000000;0.000000;0.000000;0.000000;0.000000;0.000000;0.000000;0.000000;0.000000;0.000000;0.000000;0;0;0.0.0.0;
4;infrastructure;island-0F55A0;38:FF:36:4F:55:A3;;11;No;WPA2,AES-CCM;No;54.0;0;6;0;0;0;0;0;;;Tue Sep  4 16:01:10 2018;Tue Sep  4 16:01:17 2018;-87;0;0;0.000000;0.000000;0.000000;0.000000;0.000000;0.000000;0.000000;0.000000;0.000000;0.000000;0.000000;0;0;0.0.0.0;
5;infrastructure;BuNT-c2F0aXNo;E4:46:DA:B7:13:79;;1;No;OPN,None;No;54.0;0;1;0;8;0;0;8;;;Tue Sep  4 16:01:08 2018;Tue Sep  4 16:01:18 2018;-84;0;0;0.000000;0.000000;0.000000;0.000000;0.000000;0.000000;0.000000;0.000000;0.000000;0.000000;0.000000;0;0;192.168.43.185;
6;infrastructure;NITAP-2017- A & B;38:FF:36:0E:DB:70;;13;No;OPN,None;No;54.0;0;5;0;0;0;0;0;;;Tue Sep  4 16:01:11 2018;Tue Sep  4 16:01:19 2018;-82;0;0;0.000000;0.000000;0.000000;0.000000;0.000000;0.000000;0.000000;0.000000;0.000000;0.000000;0.000000;0;0;0.0.0.0;
7;infrastructure;NITAP-Computers(CSE);38:FF:36:0E:DB:7A;;13;No;OPN,None;No;54.0;0;7;0;151;0;0;151;;;Tue Sep  4 16:01:08 2018;Tue Sep  4 16:01:19 2018;-80;0;0;0.000000;0.000000;0.000000;0.000000;0.000000;0.000000;0.000000;0.000000;0.000000;0.000000;0.000000;0;0;10.30.4.32;
8;infrastructure;NIT ANDHRA;38:FF:36:8E:DB:71;;13;No;WPA2,AES-CCM;No;54.0;0;6;0;1;0;0;1;;;Tue Sep  4 16:01:08 2018;Tue Sep  4 16:01:19 2018;-81;0;0;0.000000;0.000000;0.000000;0.000000;0.000000;0.000000;0.000000;0.000000;0.000000;0.000000;0.000000;0;0;0.0.0.0;
9;infrastructure;NITAP-2017- C & D;38:FF:36:4E:DB:70;;13;No;OPN,None;No;54.0;0;7;0;0;0;0;0;;;Tue Sep  4 16:01:08 2018;Tue Sep  4 16:01:19 2018;-81;0;0;0.000000;0.000000;0.000000;0.000000;0.000000;0.000000;0.000000;0.000000;0.000000;0.000000;0.000000;0;0;0.0.0.0;
10;infrastructure;NITAP-2016-Two;38:FF:36:0E:DB:7B;;13;No;OPN,None;No;54.0;0;6;0;0;0;0;0;;;Tue Sep  4 16:01:08 2018;Tue Sep  4 16:01:19 2018;-80;0;0;0.000000;0.000000;0.000000;0.000000;0.000000;0.000000;0.000000;0.000000;0.000000;0.000000;0.000000;0;0;0.0.0.0;
11;infrastructure;NIT;38:FF:36:CE:DB:71;;13;No;WPA2,AES-CCM;No;54.0;0;7;0;0;0;0;0;;;Tue Sep  4 16:01:08 2018;Tue Sep  4 16:01:19 2018;-80;0;0;0.000000;0.000000;0.000000;0.000000;0.000000;0.000000;0.000000;0.000000;0.000000;0.000000;0.000000;0;0;0.0.0.0;
12;infrastructure;NITAP-Electrical(EEE);38:FF:36:8E:DB:79;;13;No;OPN,None;No;54.0;0;6;0;0;0;0;0;;;Tue Sep  4 16:01:08 2018;Tue Sep  4 16:01:19 2018;-80;0;0;0.000000;0.000000;0.000000;0.000000;0.000000;0.000000;0.000000;0.000000;0.000000;0.000000;0.000000;0;0;0.0.0.0;
13;infrastructure;NITAP-2016-Three;38:FF:36:8E:DB:7B;;13;No;OPN,None;No;54.0;0;6;0;0;0;0;0;;;Tue Sep  4 16:01:08 2018;Tue Sep  4 16:01:19 2018;-80;0;0;0.000000;0.000000;0.000000;0.000000;0.000000;0.000000;0.000000;0.000000;0.000000;0.000000;0.000000;0;0;0.0.0.0;
14;infrastructure;NITAP-Mechanical;38:FF:36:4E:DB:79;;13;No;OPN,None;No;54.0;0;7;0;0;0;0;0;;;Tue Sep  4 16:01:08 2018;Tue Sep  4 16:01:19 2018;-80;0;0;0.000000;0.000000;0.000000;0.000000;0.000000;0.000000;0.000000;0.000000;0.000000;0.000000;0.000000;0;0;0.0.0.0;
15;infrastructure;NITAP-DIRECTOR;38:FF:36:8E:DB:78;;13;No;WPA2,AES-CCM;No;54.0;0;8;0;0;0;0;0;;;Tue Sep  4 16:01:08 2018;Tue Sep  4 16:01:19 2018;-80;0;0;0.000000;0.000000;0.000000;0.000000;0.000000;0.000000;0.000000;0.000000;0.000000;0.000000;0.000000;0;0;0.0.0.0;
16;infrastructure;NITAP-DC;38:FF:36:4E:DB:71;;13;No;OPN,None;No;54.0;0;7;0;0;0;0;0;;;Tue Sep  4 16:01:08 2018;Tue Sep  4 16:01:19 2018;-81;0;0;0.000000;0.000000;0.000000;0.000000;0.000000;0.000000;0.000000;0.000000;0.000000;0.000000;0.000000;0;0;0.0.0.0;
17;infrastructure;NITAP-Civil;38:FF:36:4E:DB:7A;;13;No;OPN,None;No;54.0;0;8;0;0;0;0;0;;;Tue Sep  4 16:01:08 2018;Tue Sep  4 16:01:19 2018;-81;0;0;0.000000;0.000000;0.000000;0.000000;0.000000;0.000000;0.000000;0.000000;0.000000;0.000000;0.000000;0;0;0.0.0.0;
18;infrastructure;NITAP-Faculty;38:FF:36:4E:DB:78;;13;No;OPN,None;No;54.0;0;8;0;0;0;0;0;;;Tue Sep  4 16:01:08 2018;Tue Sep  4 16:01:19 2018;-81;0;0;0.000000;0.000000;0.000000;0.000000;0.000000;0.000000;0.000000;0.000000;0.000000;0.000000;0.000000;0;0;0.0.0.0;
19;infrastructure;NITAP-2016-One;38:FF:36:CE:DB:78;;13;No;OPN,None;No;54.0;0;8;0;0;0;0;0;;;Tue Sep  4 16:01:08 2018;Tue Sep  4 16:01:19 2018;-81;0;0;0.000000;0.000000;0.000000;0.000000;0.000000;0.000000;0.000000;0.000000;0.000000;0.000000;0.000000;0;0;0.0.0.0;
20;infrastructure;Faculty-Laptop;38:FF:36:4E:DB:72;;13;No;OPN,None;No;54.0;0;8;0;0;0;0;0;;;Tue Sep  4 16:01:08 2018;Tue Sep  4 16:01:19 2018;-80;0;0;0.000000;0.000000;0.000000;0.000000;0.000000;0.000000;0.000000;0.000000;0.000000;0.000000;0.000000;0;0;0.0.0.0;
21;infrastructure;Faculty-Mobile;38:FF:36:0E:DB:72;;13;No;OPN,None;No;54.0;0;9;0;0;0;0;0;;;Tue Sep  4 16:01:08 2018;Tue Sep  4 16:01:19 2018;-81;0;0;0.000000;0.000000;0.000000;0.000000;0.000000;0.000000;0.000000;0.000000;0.000000;0.000000;0.000000;0;0;0.0.0.0;
22;infrastructure;NITAP-2017- E & F;38:FF:36:8E:DB:70;;13;No;OPN,None;No;54.0;0;5;0;0;0;0;0;;;Tue Sep  4 16:01:08 2018;Tue Sep  4 16:01:19 2018;-79;0;0;0.000000;0.000000;0.000000;0.000000;0.000000;0.000000;0.000000;0.000000;0.000000;0.000000;0.000000;0;0;0.0.0.0;
23;infrastructure;NITAP-BIO_Technology;38:FF:36:CE:DB:7A;;13;No;OPN,None;No;54.0;0;5;0;0;0;0;0;;;Tue Sep  4 16:01:08 2018;Tue Sep  4 16:01:19 2018;-80;0;0;0.000000;0.000000;0.000000;0.000000;0.000000;0.000000;0.000000;0.000000;0.000000;0.000000;0.000000;0;0;0.0.0.0;
24;infrastructure;GUEST-FACULTY;38:FF:36:4E:DB:7B;;13;No;WPA2,AES-CCM;No;54.0;0;4;0;0;0;0;0;;;Tue Sep  4 16:01:11 2018;Tue Sep  4 16:01:19 2018;-79;0;0;0.000000;0.000000;0.000000;0.000000;0.000000;0.000000;0.000000;0.000000;0.000000;0.000000;0.000000;0;0;0.0.0.0;
25;infrastructure;NITAP-Electronics(ECE);38:FF:36:CE:DB:79;;13;No;OPN,None;No;54.0;0;8;0;0;0;0;0;;;Tue Sep  4 16:01:08 2018;Tue Sep  4 16:01:19 2018;-79;0;0;0.000000;0.000000;0.000000;0.000000;0.000000;0.000000;0.000000;0.000000;0.000000;0.000000;0.000000;0;0;0.0.0.0;
26;infrastructure;NITAP-2017- G;38:FF:36:CE:DB:70;;13;No;OPN,None;No;54.0;0;8;0;0;0;0;0;;;Tue Sep  4 16:01:08 2018;Tue Sep  4 16:01:19 2018;-80;0;0;0.000000;0.000000;0.000000;0.000000;0.000000;0.000000;0.000000;0.000000;0.000000;0.000000;0.000000;0;0;0.0.0.0;
27;infrastructure;NITAP-Metulargy;38:FF:36:0E:DB:79;;13;No;OPN,None;No;54.0;0;8;0;0;0;0;0;;;Tue Sep  4 16:01:08 2018;Tue Sep  4 16:01:19 2018;-81;0;0;0.000000;0.000000;0.000000;0.000000;0.000000;0.000000;0.000000;0.000000;0.000000;0.000000;0.000000;0;0;0.0.0.0;
28;infrastructure;FACULTY;38:FF:36:CE:DB:7B;;13;No;OPN,None;No;54.0;0;7;0;0;0;0;0;;;Tue Sep  4 16:01:08 2018;Tue Sep  4 16:01:19 2018;-79;0;0;0.000000;0.000000;0.000000;0.000000;0.000000;0.000000;0.000000;0.000000;0.000000;0.000000;0.000000;0;0;0.0.0.0;
29;infrastructure;NITAP-Chemical;38:FF:36:8E:DB:7A;;13;No;OPN,None;No;54.0;0;6;0;0;0;0;0;;;Tue Sep  4 16:01:08 2018;Tue Sep  4 16:01:19 2018;-79;0;0;0.000000;0.000000;0.000000;0.000000;0.000000;0.000000;0.000000;0.000000;0.000000;0.000000;0.000000;0;0;0.0.0.0;
30;infrastructure;DIRECT-d4-HP M477 LaserJet;1A:4F:32:B7:7D:D4;;6;No;WPA2,AES-CCM;No;54.0;0;4;0;0;0;0;0;;;Tue Sep  4 16:01:11 2018;Tue Sep  4 16:01:18 2018;-73;0;0;0.000000;0.000000;0.000000;0.000000;0.000000;0.000000;0.000000;0.000000;0.000000;0.000000;0.000000;0;0;0.0.0.0;
31;infrastructure;NITAP-Computers(CSE);38:FF:36:0E:D7:AA;;7;No;OPN,None;No;54.0;0;15;0;140;0;0;140;;;Tue Sep  4 16:01:08 2018;Tue Sep  4 16:01:19 2018;-69;0;0;0.000000;0.000000;0.000000;0.000000;0.000000;0.000000;0.000000;0.000000;0.000000;0.000000;0.000000;0;0;172.30.5.197;
32;infrastructure;NITAP-Computers(CSE);2C:C5:D3:06:BF:EA;;1;No;OPN,None;No;54.0;0;12;0;0;0;0;0;;;Tue Sep  4 16:01:07 2018;Tue Sep  4 16:01:19 2018;-69;0;0;0.000000;0.000000;0.000000;0.000000;0.000000;0.000000;0.000000;0.000000;0.000000;0.000000;0.000000;0;0;0.0.0.0;
33;infrastructure;NITAP-DC;2C:C5:D3:46:BF:E1;;1;No;OPN,None;No;54.0;0;14;0;0;0;0;0;;;Tue Sep  4 16:01:07 2018;Tue Sep  4 16:01:19 2018;-68;0;0;0.000000;0.000000;0.000000;0.000000;0.000000;0.000000;0.000000;0.000000;0.000000;0.000000;0.000000;0;0;0.0.0.0;
34;infrastructure;NITAP-2017- A & B;38:FF:36:0E:D7:A0;;7;No;OPN,None;No;54.0;0;17;0;0;0;0;0;;;Tue Sep  4 16:01:08 2018;Tue Sep  4 16:01:19 2018;-68;0;0;0.000000;0.000000;0.000000;0.000000;0.000000;0.000000;0.000000;0.000000;0.000000;0.000000;0.000000;0;0;0.0.0.0;
35;infrastructure;NITAP-Faculty;38:FF:36:4E:D7:A8;;7;No;OPN,None;No;54.0;0;14;0;17;0;0;17;;;Tue Sep  4 16:01:08 2018;Tue Sep  4 16:01:19 2018;-68;0;0;0.000000;0.000000;0.000000;0.000000;0.000000;0.000000;0.000000;0.000000;0.000000;0.000000;0.000000;0;0;172.20.10.192;
36;infrastructure;NITAP-Electronics(ECE);38:FF:36:CE:D7:A9;;7;No;OPN,None;No;54.0;0;15;0;22;0;0;22;;;Tue Sep  4 16:01:08 2018;Tue Sep  4 16:01:19 2018;-68;0;0;0.000000;0.000000;0.000000;0.000000;0.000000;0.000000;0.000000;0.000000;0.000000;0.000000;0.000000;0;0;172.30.5.197;
37;infrastructure;NITAP-DC;38:FF:36:4E:D7:A1;;7;No;OPN,None;No;54.0;0;18;0;0;0;0;0;;;Tue Sep  4 16:01:08 2018;Tue Sep  4 16:01:19 2018;-69;0;0;0.000000;0.000000;0.000000;0.000000;0.000000;0.000000;0.000000;0.000000;0.000000;0.000000;0.000000;0;0;0.0.0.0;
38;infrastructure;NITAP-2017- E & F;38:FF:36:8E:D7:A0;;7;No;OPN,None;No;54.0;0;17;0;0;0;0;0;;;Tue Sep  4 16:01:08 2018;Tue Sep  4 16:01:19 2018;-68;0;0;0.000000;0.000000;0.000000;0.000000;0.000000;0.000000;0.000000;0.000000;0.000000;0.000000;0.000000;0;0;0.0.0.0;
39;infrastructure;NIT;38:FF:36:CE:D7:A1;;7;No;WPA2,AES-CCM;No;54.0;0;13;0;0;0;0;0;;;Tue Sep  4 16:01:08 2018;Tue Sep  4 16:01:19 2018;-68;0;0;0.000000;0.000000;0.000000;0.000000;0.000000;0.000000;0.000000;0.000000;0.000000;0.000000;0.000000;0;0;0.0.0.0;
40;infrastructure;NITAP-2017- C & D;38:FF:36:4E:D7:A0;;7;No;OPN,None;No;54.0;0;15;0;0;0;0;0;;;Tue Sep  4 16:01:08 2018;Tue Sep  4 16:01:19 2018;-69;0;0;0.000000;0.000000;0.000000;0.000000;0.000000;0.000000;0.000000;0.000000;0.000000;0.000000;0.000000;0;0;0.0.0.0;
41;infrastructure;NITAP-2016-Two;38:FF:36:0E:D7:AB;;7;No;OPN,None;No;54.0;0;18;0;0;0;0;0;;;Tue Sep  4 16:01:08 2018;Tue Sep  4 16:01:19 2018;-69;0;0;0.000000;0.000000;0.000000;0.000000;0.000000;0.000000;0.000000;0.000000;0.000000;0.000000;0.000000;0;0;0.0.0.0;
42;infrastructure;NITAP-DIRECTOR;2C:C5:D3:86:BF:E8;;1;No;WPA2,AES-CCM;No;54.0;0;11;0;0;0;0;0;;;Tue Sep  4 16:01:07 2018;Tue Sep  4 16:01:19 2018;-68;0;0;0.000000;0.000000;0.000000;0.000000;0.000000;0.000000;0.000000;0.000000;0.000000;0.000000;0.000000;0;0;0.0.0.0;
43;infrastructure;NITAP-2016-One;2C:C5:D3:C6:BF:E8;;1;No;OPN,None;No;54.0;0;9;0;153;0;0;153;;;Tue Sep  4 16:01:07 2018;Tue Sep  4 16:01:18 2018;-68;0;0;0.000000;0.000000;0.000000;0.000000;0.000000;0.000000;0.000000;0.000000;0.000000;0.000000;0.000000;0;0;172.30.4.221;
44;infrastructure;NITAP-Mechanical;2C:C5:D3:46:BF:E9;;1;No;OPN,None;No;54.0;0;13;0;0;0;0;0;;;Tue Sep  4 16:01:07 2018;Tue Sep  4 16:01:19 2018;-68;0;0;0.000000;0.000000;0.000000;0.000000;0.000000;0.000000;0.000000;0.000000;0.000000;0.000000;0.000000;0;0;0.0.0.0;
45;infrastructure;NITAP-Electrical(EEE);2C:C5:D3:86:BF:E9;;1;No;OPN,None;No;54.0;0;13;0;0;0;0;0;;;Tue Sep  4 16:01:07 2018;Tue Sep  4 16:01:19 2018;-69;0;0;0.000000;0.000000;0.000000;0.000000;0.000000;0.000000;0.000000;0.000000;0.000000;0.000000;0.000000;0;0;0.0.0.0;
46;infrastructure;NITAP-Civil;2C:C5:D3:46:BF:EA;;1;No;OPN,None;No;54.0;0;16;0;0;0;0;0;;;Tue Sep  4 16:01:07 2018;Tue Sep  4 16:01:19 2018;-68;0;0;0.000000;0.000000;0.000000;0.000000;0.000000;0.000000;0.000000;0.000000;0.000000;0.000000;0.000000;0;0;0.0.0.0;
47;infrastructure;NITAP-Chemical;2C:C5:D3:86:BF:EA;;1;No;OPN,None;No;54.0;0;14;0;0;0;0;0;;;Tue Sep  4 16:01:07 2018;Tue Sep  4 16:01:19 2018;-68;0;0;0.000000;0.000000;0.000000;0.000000;0.000000;0.000000;0.000000;0.000000;0.000000;0.000000;0.000000;0;0;0.0.0.0;
48;infrastructure;NITAP-2017- E & F;2C:C5:D3:86:BF:E0;;1;No;OPN,None;No;54.0;0;13;0;0;0;0;0;;;Tue Sep  4 16:01:07 2018;Tue Sep  4 16:01:18 2018;-68;0;0;0.000000;0.000000;0.000000;0.000000;0.000000;0.000000;0.000000;0.000000;0.000000;0.000000;0.000000;0;0;0.0.0.0;
49;infrastructure;FACULTY;2C:C5:D3:C6:BF:EB;;1;No;OPN,None;No;54.0;0;15;0;1;0;0;1;;;Tue Sep  4 16:01:07 2018;Tue Sep  4 16:01:19 2018;-68;0;0;0.000000;0.000000;0.000000;0.000000;0.000000;0.000000;0.000000;0.000000;0.000000;0.000000;0.000000;0;0;0.0.0.0;
50;infrastructure;NITAP-2017- G;2C:C5:D3:C6:BF:E0;;1;No;OPN,None;No;54.0;0;13;0;0;0;0;0;;;Tue Sep  4 16:01:07 2018;Tue Sep  4 16:01:19 2018;-68;0;0;0.000000;0.000000;0.000000;0.000000;0.000000;0.000000;0.000000;0.000000;0.000000;0.000000;0.000000;0;0;0.0.0.0;
51;infrastructure;NIT ANDHRA;38:FF:36:8E:D7:A1;;7;No;WPA2,AES-CCM;No;54.0;0;17;0;16;0;0;16;;;Tue Sep  4 16:01:08 2018;Tue Sep  4 16:01:19 2018;-69;0;0;0.000000;0.000000;0.000000;0.000000;0.000000;0.000000;0.000000;0.000000;0.000000;0.000000;0.000000;0;0;0.0.0.0;
52;infrastructure;NITAP-2016-One;38:FF:36:CE:D7:A8;;7;No;OPN,None;No;54.0;0;14;0;134;0;0;134;;;Tue Sep  4 16:01:08 2018;Tue Sep  4 16:01:19 2018;-67;0;0;0.000000;0.000000;0.000000;0.000000;0.000000;0.000000;0.000000;0.000000;0.000000;0.000000;0.000000;0;0;172.30.3.227;
53;infrastructure;Faculty-Mobile;38:FF:36:0E:D7:A2;;7;No;OPN,None;No;54.0;0;13;0;0;0;0;0;;;Tue Sep  4 16:01:08 2018;Tue Sep  4 16:01:19 2018;-68;0;0;0.000000;0.000000;0.000000;0.000000;0.000000;0.000000;0.000000;0.000000;0.000000;0.000000;0.000000;0;0;0.0.0.0;
54;infrastructure;NITAP-Mechanical;38:FF:36:4E:D7:A9;;7;No;OPN,None;No;54.0;0;15;0;0;0;0;0;;;Tue Sep  4 16:01:08 2018;Tue Sep  4 16:01:19 2018;-69;0;0;0.000000;0.000000;0.000000;0.000000;0.000000;0.000000;0.000000;0.000000;0.000000;0.000000;0.000000;0;0;0.0.0.0;
55;infrastructure;NITAP-Electrical(EEE);38:FF:36:8E:D7:A9;;7;No;OPN,None;No;54.0;0;15;0;14;0;0;14;;;Tue Sep  4 16:01:08 2018;Tue Sep  4 16:01:19 2018;-69;0;0;0.000000;0.000000;0.000000;0.000000;0.000000;0.000000;0.000000;0.000000;0.000000;0.000000;0.000000;0;0;172.30.0.1;
56;infrastructure;NITAP-Chemical;38:FF:36:8E:D7:AA;;7;No;OPN,None;No;54.0;0;17;0;0;0;0;0;;;Tue Sep  4 16:01:08 2018;Tue Sep  4 16:01:19 2018;-69;0;0;0.000000;0.000000;0.000000;0.000000;0.000000;0.000000;0.000000;0.000000;0.000000;0.000000;0.000000;0;0;0.0.0.0;
57;infrastructure;NITAP-BIO_Technology;38:FF:36:CE:D7:AA;;7;No;OPN,None;No;54.0;0;16;0;0;0;0;0;;;Tue Sep  4 16:01:08 2018;Tue Sep  4 16:01:19 2018;-69;0;0;0.000000;0.000000;0.000000;0.000000;0.000000;0.000000;0.000000;0.000000;0.000000;0.000000;0.000000;0;0;0.0.0.0;
58;infrastructure;FACULTY;38:FF:36:CE:D7:AB;;7;No;OPN,None;No;54.0;0;15;0;0;0;0;0;;;Tue Sep  4 16:01:08 2018;Tue Sep  4 16:01:19 2018;-69;0;0;0.000000;0.000000;0.000000;0.000000;0.000000;0.000000;0.000000;0.000000;0.000000;0.000000;0.000000;0;0;0.0.0.0;
59;infrastructure;NITAP-2016-Three;38:FF:36:8E:D7:AB;;7;No;OPN,None;No;54.0;0;17;0;0;0;0;0;;;Tue Sep  4 16:01:08 2018;Tue Sep  4 16:01:19 2018;-68;0;0;0.000000;0.000000;0.000000;0.000000;0.000000;0.000000;0.000000;0.000000;0.000000;0.000000;0.000000;0;0;0.0.0.0;
60;infrastructure;NITAP-Faculty;2C:C5:D3:46:BF:E8;;1;No;OPN,None;No;54.0;0;10;0;2;0;0;2;;;Tue Sep  4 16:01:08 2018;Tue Sep  4 16:01:19 2018;-67;0;0;0.000000;0.000000;0.000000;0.000000;0.000000;0.000000;0.000000;0.000000;0.000000;0.000000;0.000000;0;0;172.20.10.140;
61;infrastructure;NITAP-BIO_Technology;2C:C5:D3:C6:BF:EA;;1;No;OPN,None;No;54.0;0;16;0;0;0;0;0;;;Tue Sep  4 16:01:07 2018;Tue Sep  4 16:01:18 2018;-67;0;0;0.000000;0.000000;0.000000;0.000000;0.000000;0.000000;0.000000;0.000000;0.000000;0.000000;0.000000;0;0;0.0.0.0;
62;infrastructure;Faculty-Laptop;2C:C5:D3:46:BF:E2;;1;No;OPN,None;No;54.0;0;12;0;0;0;0;0;;;Tue Sep  4 16:01:07 2018;Tue Sep  4 16:01:19 2018;-67;0;0;0.000000;0.000000;0.000000;0.000000;0.000000;0.000000;0.000000;0.000000;0.000000;0.000000;0.000000;0;0;0.0.0.0;
63;infrastructure;Faculty-Mobile;2C:C5:D3:06:BF:E2;;1;No;OPN,None;No;54.0;0;16;0;0;0;0;0;;;Tue Sep  4 16:01:07 2018;Tue Sep  4 16:01:19 2018;-68;0;0;0.000000;0.000000;0.000000;0.000000;0.000000;0.000000;0.000000;0.000000;0.000000;0.000000;0.000000;0;0;0.0.0.0;
64;infrastructure;NIT;2C:C5:D3:C6:BF:E1;;1;No;WPA2,AES-CCM;No;54.0;0;12;0;0;0;0;0;;;Tue Sep  4 16:01:07 2018;Tue Sep  4 16:01:19 2018;-67;0;0;0.000000;0.000000;0.000000;0.000000;0.000000;0.000000;0.000000;0.000000;0.000000;0.000000;0.000000;0;0;0.0.0.0;
65;infrastructure;NIT ANDHRA;2C:C5:D3:86:BF:E1;;1;No;WPA2,AES-CCM;No;54.0;0;13;0;4;0;0;4;;;Tue Sep  4 16:01:07 2018;Tue Sep  4 16:01:18 2018;-67;0;0;0.000000;0.000000;0.000000;0.000000;0.000000;0.000000;0.000000;0.000000;0.000000;0.000000;0.000000;0;0;0.0.0.0;
66;infrastructure;NITAP-2016-Two;2C:C5:D3:06:BF:EB;;1;No;OPN,None;No;54.0;0;13;0;0;0;0;0;;;Tue Sep  4 16:01:07 2018;Tue Sep  4 16:01:19 2018;-68;0;0;0.000000;0.000000;0.000000;0.000000;0.000000;0.000000;0.000000;0.000000;0.000000;0.000000;0.000000;0;0;0.0.0.0;
67;infrastructure;NITAP-Civil;38:FF:36:4E:D7:AA;;7;No;OPN,None;No;54.0;0;16;0;50;0;0;50;;;Tue Sep  4 16:01:08 2018;Tue Sep  4 16:01:19 2018;-67;0;0;0.000000;0.000000;0.000000;0.000000;0.000000;0.000000;0.000000;0.000000;0.000000;0.000000;0.000000;0;0;172.30.5.197;
68;infrastructure;NITAP-Metulargy;38:FF:36:0E:D7:A9;;7;No;OPN,None;No;54.0;0;12;0;0;0;0;0;;;Tue Sep  4 16:01:08 2018;Tue Sep  4 16:01:19 2018;-67;0;0;0.000000;0.000000;0.000000;0.000000;0.000000;0.000000;0.000000;0.000000;0.000000;0.000000;0.000000;0;0;0.0.0.0;
69;infrastructure;NITAP-2017- G;38:FF:36:CE:D7:A0;;7;No;OPN,None;No;54.0;0;13;0;0;0;0;0;;;Tue Sep  4 16:01:08 2018;Tue Sep  4 16:01:19 2018;-67;0;0;0.000000;0.000000;0.000000;0.000000;0.000000;0.000000;0.000000;0.000000;0.000000;0.000000;0.000000;0;0;0.0.0.0;
70;infrastructure;NITAP-DIRECTOR;38:FF:36:8E:D7:A8;;7;No;WPA2,AES-CCM;No;54.0;0;17;0;0;0;0;0;;;Tue Sep  4 16:01:08 2018;Tue Sep  4 16:01:19 2018;-66;0;0;0.000000;0.000000;0.000000;0.000000;0.000000;0.000000;0.000000;0.000000;0.000000;0.000000;0.000000;0;0;0.0.0.0;
71;infrastructure;Faculty-Laptop;38:FF:36:4E:D7:A2;;7;No;OPN,None;No;54.0;0;16;0;0;0;0;0;;;Tue Sep  4 16:01:08 2018;Tue Sep  4 16:01:19 2018;-68;0;0;0.000000;0.000000;0.000000;0.000000;0.000000;0.000000;0.000000;0.000000;0.000000;0.000000;0.000000;0;0;0.0.0.0;
72;infrastructure;GUEST-FACULTY;38:FF:36:4E:D7:AB;;7;No;WPA2,AES-CCM;No;54.0;0;18;0;258;0;0;258;;;Tue Sep  4 16:01:08 2018;Tue Sep  4 16:01:19 2018;-68;0;0;0.000000;0.000000;0.000000;0.000000;0.000000;0.000000;0.000000;0.000000;0.000000;0.000000;0.000000;0;0;0.0.0.0;
73;infrastructure;NITAP-Electronics(ECE);2C:C5:D3:C6:BF:E9;;1;No;OPN,None;No;54.0;0;17;0;57;0;0;57;;;Tue Sep  4 16:01:07 2018;Tue Sep  4 16:01:19 2018;-67;0;0;0.000000;0.000000;0.000000;0.000000;0.000000;0.000000;0.000000;0.000000;0.000000;0.000000;0.000000;0;0;10.30.4.32;
74;infrastructure;NITAP-2017- A & B;2C:C5:D3:06:BF:E0;;1;No;OPN,None;No;54.0;0;13;0;0;0;0;0;;;Tue Sep  4 16:01:07 2018;Tue Sep  4 16:01:19 2018;-67;0;0;0.000000;0.000000;0.000000;0.000000;0.000000;0.000000;0.000000;0.000000;0.000000;0.000000;0.000000;0;0;0.0.0.0;
75;infrastructure;NITAP-Metulargy;2C:C5:D3:06:BF:E9;;1;No;OPN,None;No;54.0;0;13;0;0;0;0;0;;;Tue Sep  4 16:01:07 2018;Tue Sep  4 16:01:19 2018;-67;0;0;0.000000;0.000000;0.000000;0.000000;0.000000;0.000000;0.000000;0.000000;0.000000;0.000000;0.000000;0;0;0.0.0.0;
76;infrastructure;NITAP-2017- C & D;2C:C5:D3:46:BF:E0;;1;No;OPN,None;No;54.0;0;13;0;0;0;0;0;;;Tue Sep  4 16:01:07 2018;Tue Sep  4 16:01:19 2018;-67;0;0;0.000000;0.000000;0.000000;0.000000;0.000000;0.000000;0.000000;0.000000;0.000000;0.000000;0.000000;0;0;0.0.0.0;
77;infrastructure;NITAP-2016-Three;2C:C5:D3:86:BF:EB;;1;No;OPN,None;No;54.0;0;15;0;41;0;0;41;;;Tue Sep  4 16:01:07 2018;Tue Sep  4 16:01:19 2018;-66;0;0;0.000000;0.000000;0.000000;0.000000;0.000000;0.000000;0.000000;0.000000;0.000000;0.000000;0.000000;0;0;10.30.4.32;
78;infrastructure;GUEST-FACULTY;2C:C5:D3:46:BF:EB;;1;No;WPA2,AES-CCM;No;54.0;0;16;0;61;0;0;61;;;Tue Sep  4 16:01:07 2018;Tue Sep  4 16:01:19 2018;-66;0;0;0.000000;0.000000;0.000000;0.000000;0.000000;0.000000;0.000000;0.000000;0.000000;0.000000;0.000000;0;0;0.0.0.0;
79;infrastructure;KUNE;DC:1A:C5:29:4B:23;;6;No;WPA2,AES-CCM;No;54.0;0;15;0;0;0;0;0;;;Tue Sep  4 16:01:08 2018;Tue Sep  4 16:01:18 2018;-31;0;0;0.000000;0.000000;0.000000;0.000000;0.000000;0.000000;0.000000;0.000000;0.000000;0.000000;0.000000;0;0;0.0.0.0;
80;infrastructure;;2C:C5:D3:C6:CA:68;;1;No;OPN,None;No;-1.0;0;0;0;3;0;0;3;;;Tue Sep  4 16:01:15 2018;Tue Sep  4 16:01:18 2018;-1;0;0;0.000000;0.000000;0.000000;0.000000;0.000000;0.000000;0.000000;0.000000;0.000000;0.000000;0.000000;0;0;172.30.5.142;
